{
  "claims": [
    {
      "emp_id": "1",
      "emp_name": "Robert",
      "claim_number": "123-123-13A",
      "claim_type": "Pending",
      "claim_program": "Claim Programs check",
      "start_date": "2020-07-05",
      "end_date": "2020-08-31",
      "id": 1
    },
    {
      "emp_id": "2",
      "emp_name": "Sree",
      "claim_number": "123-123-12B",
      "claim_type": "More Info Required",
      "claim_program": "sample claim",
      "start_date": "2020-08-11",
      "end_date": "2020-08-31",
      "id": 2
    },
    {
      "emp_id": "3",
      "emp_name": "Myine",
      "claim_number": "123-123-13J",
      "claim_type": "Submitted",
      "claim_program": "sample claim",
      "start_date": "2020-08-13",
      "end_date": "2020-08-28",
      "id": 3
    },
    {
      "emp_id": "4",
      "emp_name": "Yours",
      "claim_number": "123-123-1SS",
      "claim_type": "Pending",
      "claim_program": "sample claima",
      "start_date": "2020-08-11",
      "end_date": "2020-08-19",
      "id": 4
    },
    {
      "emp_id": "5",
      "emp_name": "Lince",
      "claim_number": "123-123-12H",
      "claim_type": "Submitted",
      "claim_program": "ASas AS",
      "start_date": "2020-08-20",
      "end_date": "2020-08-28",
      "id": 5
    }
  ]
}