{
  "users": [
     {
        "id": 1,
        "first_name": "sad",
        "last_name": "Schwartz",
        "email": "rob23@gmail.com",
		"userName": "sreeram",
		"password":"sreeramsreeram"
    },
    {
      "id": 3,
      "first_name": "Anna",
      "last_name": "Smith",
      "email": "annasmith23@gmail.com",
	  "userName": "sreeram",
	  "password":"sreeram"
    },
    {
      "id": 4,
      "first_name": "Robert",
      "last_name": "Brown",
      "email": "bobbrown432@yahoo.com",
	  "userName": "robert",
		"password":"robert"
    },
    {
      "id": 5,
      "first_name": "Roger",
      "last_name": "Bacon",
      "email": "rogerbacon12@yahoo.com",
	  "userName": "sreeram",
		"password":"sreeram"
    },
    {
      "id": 101,
      "first_name": "amit",
      "last_name": "Schwartz",
      "email": "amit@gmail.com",
	  "userName": "sreeram",
		"password":"sreeram"
    }
  ]
}